USE festival_musicale;

-- 1. Palchi
INSERT INTO Palco (id_palco, nome, capienza, tipo, copertura) VALUES
(1, 'Main Stage Horizon', 50000, 'principale', 'aperto'),
(2, 'Electric Jungle', 15000, 'elettronico', 'coperto'),
(3, 'Acoustic Garden', 5000, 'acustico', 'aperto'),
(4, 'Underground Shelter', 8000, 'secondario', 'coperto');

-- 2. Artisti
INSERT INTO Artista (id_artista, nome, tipo, genere, nazionalita, cachet) VALUES
(1, 'The Cosmic Echoes', 'band', 'Rock Alternativo', 'UK', 75000.00),
(2, 'Elena Rossi', 'singolo', 'Pop', 'Italia', 25000.00),
(3, 'DJ Technoise', 'singolo', 'Techno', 'Germania', 12000.00),
(4, 'Midnight Jazz Trio', 'band', 'Jazz', 'USA', 8500.00),
(5, 'Luna & The Stars', 'band', 'Indie', 'Francia', 15000.00);

-- 3. Performance (ORARI CORRETTI PER IL CHECK CONSTRAINT)
INSERT INTO Performance (id_performance, id_artista, id_palco, data_esibizione, ora_inizio, ora_fine) VALUES
(1, 1, 1, '2026-07-15', '21:30:00', '23:30:00'),
(2, 2, 1, '2026-07-15', '19:00:00', '20:30:00'),
(3, 3, 2, '2026-07-16', '21:00:00', '23:59:00'), 
(4, 4, 3, '2026-07-16', '18:00:00', '19:30:00'),
(5, 5, 4, '2026-07-17', '20:00:00', '21:30:00');

-- 4. Spettatori
INSERT INTO Spettatore (id_spettatore, nome, cognome, email, telefono, data_nascita) VALUES
(1, 'Marco', 'Verdi', 'marco.verdi@email.it', '3331234567', '1995-05-12'),
(2, 'Giulia', 'Bianchi', 'g.bianchi@gmail.com', '3409876543', '2001-11-20'),
(3, 'Luca', 'Rossi', 'l.rossi@outlook.com', NULL, '1988-02-28'),
(4, 'Anna', 'Neri', 'anna.neri@fastwebnet.it', '3291122334', '1999-07-15');

-- 5. Biglietti (ORA GLI ID PERFORMANCE ESISTONO)
INSERT INTO Biglietto (id_biglietto, id_performance, id_spettatore, prezzo, tipo_posto) VALUES
(1, 1, 1, 85.50, 'golden_circle'),
(2, 1, 2, 50.00, 'standard'),
(3, 2, 2, 45.00, 'standard'),
(4, 3, 3, 120.00, 'vip'),
(5, 5, 4, 35.00, 'standard');

-- 6. Pagamenti
INSERT INTO Pagamento (id_biglietto, importo, metodo, stato) VALUES
(1, 85.50, 'carta', 'completato'),
(2, 50.00, 'paypal', 'completato'),
(3, 45.00, 'carta', 'completato'),
(4, 120.00, 'bonifico', 'completato'),
(5, 35.00, 'contanti', 'completato');

-- 7. Sponsor e Collaborazioni
INSERT INTO Sponsor (id_sponsor, nome, settore, budget) VALUES (1, 'Tech-Bev', 'Beverage', 100000.00);
INSERT INTO Sponsorizzazione (id_sponsor, id_performance, importo) VALUES (1, 1, 15000.00);
INSERT INTO Collaborazione (id_artista1, id_artista2, tipo, anno) VALUES (1, 5, 'Album', 2025);

-- 8. Staff tecnico
INSERT INTO Staff (id_staff, nome, cognome, ruolo, email, tariffa) VALUES
(1, 'Roberto', 'Tecnico', 'fonico', 'roberto.sound@festival.com', 350.00),
(2, 'Sara', 'Luci', 'luci', 'sara.light@festival.com', 300.00),
(3, 'Giovanni', 'Sicuri', 'sicurezza', 'giovanni.s@festival.com', 200.00),
(4, 'Marta', 'Regia', 'regia', 'marta.director@festival.com', 450.00),
(5, 'Alessio', 'Trasporti', 'logistica', 'alessio.log@festival.com', 250.00);

-- 9. Assegnazione Staff
INSERT INTO AssegnazioneStaff (id_staff, id_palco, data, ore_lavorate) VALUES
(1, 1, '2026-07-15', 8.5),   -- Roberto al Main Stage il 15 Luglio
(2, 1, '2026-07-15', 10.0),  -- Sara al Main Stage il 15 Luglio
(3, 2, '2026-07-16', 12.0),  -- Giovanni all'Electric Jungle il 16 Luglio
(4, 1, '2026-07-15', 6.0),   -- Marta in Regia al Main Stage
(5, 4, '2026-07-17', 5.0);   -- Alessio alla logistica dell'Underground